{
  "adenoma_risk": {
    "baseline_log_risk": -6.6,
    "main_sex_effect": -0.24,
    "sd_baseline_log_risk": 1.1,
    "a2_k": { "1": 0.037, "2": 0.031, "3": 0.029, "4": 0.030},
    "sum_Aj_diff" : {"1": 0.0, "2": 0.30, "3": 0.42, "4": 0.35}
  },
  "adenoma_growth": {
      "colon": {"b1": 24.3, "b2": 1.8472066},
      "rectum": {"b1": 11.086583, "b2": 2.4485203}
  },
  "crc_transition":
    {"gamma":
      { "M": {"colon": {"1": 0.0400000, "2": 0.0089232},
              "rectum": {"1": 0.0472322, "2": 0.0173598}},
        "F": {"colon": {"1": 0.0444762, "2": 0.0089362},
              "rectum": {"1": 0.0470747, "2": 0.0161731}}
      },
     "gamma3":  0.5
    },
  "sojourn_time": {
    "xi": {"colon": 0.943347, "rectum": 1.148838},
    "nu": {"colon": 0.492673, "rectum": 0.564791}
  }
}